/*
 Navicat Premium Data Transfer

 Source Server         : yangzhibin
 Source Server Type    : MySQL
 Source Server Version : 50721
 Source Host           : localhost
 Source Database       : ssm_com

 Target Server Type    : MySQL
 Target Server Version : 50721
 File Encoding         : utf-8

 Date: 12/06/2018 11:35:37 AM
*/

SET NAMES utf8mb4;
SET FOREIGN_KEY_CHECKS = 0;

-- ----------------------------
--  Table structure for `mvc_dept_info`
-- ----------------------------
DROP TABLE IF EXISTS `mvc_dept_info`;
CREATE TABLE `mvc_dept_info` (
  `dept_id` varchar(6) NOT NULL COMMENT 'id',
  `dept_no` varchar(32) DEFAULT NULL COMMENT '部门编号',
  `dept_name` varchar(100) DEFAULT NULL COMMENT '部门名称',
  `establish_time` date DEFAULT NULL COMMENT '成立时间',
  `dept_manager` varchar(32) DEFAULT NULL COMMENT '部门经理',
  `super_id` varchar(6) DEFAULT NULL COMMENT '上级部门',
  `dept_desc` varchar(1000) DEFAULT NULL COMMENT '部门描述',
  `if_leaf` varchar(1) DEFAULT NULL COMMENT '是否叶子节点，1：是，0：否',
  PRIMARY KEY (`dept_id`)
) ENGINE=InnoDB DEFAULT CHARSET=utf8;

-- ----------------------------
--  Records of `mvc_dept_info`
-- ----------------------------
BEGIN;
INSERT INTO `mvc_dept_info` VALUES ('d10000', '10000', '集团公司', '2014-12-18', '', '0', '公司', '0'), ('d10001', '1000001', '软件开发部', '2015-08-20', null, 'd10000', null, '0'), ('d10002', '100002', '软件销售部', '2015-08-20', null, 'd10000', null, '1'), ('d10003', '100000101', 'java开发组', '2016-10-11', '2ddcb567939611e6a8df142d27fd7e9e', 'd10001', 'java开发组', '1');
COMMIT;

-- ----------------------------
--  Table structure for `mvc_dictionary`
-- ----------------------------
DROP TABLE IF EXISTS `mvc_dictionary`;
CREATE TABLE `mvc_dictionary` (
  `dictionary_id` varchar(32) NOT NULL,
  `dictionary_code` varchar(32) DEFAULT NULL,
  `dictionary_name` varchar(32) DEFAULT NULL,
  `dictionary_status` varchar(1) DEFAULT NULL,
  `create_time` datetime NOT NULL,
  `creator` varchar(32) DEFAULT NULL,
  PRIMARY KEY (`dictionary_id`)
) ENGINE=InnoDB DEFAULT CHARSET=utf8;

-- ----------------------------
--  Records of `mvc_dictionary`
-- ----------------------------
BEGIN;
INSERT INTO `mvc_dictionary` VALUES ('355c597026d711e5ade8ace010142f18', 'memorStatus', '备忘录状态', '1', '2015-07-16 04:30:31', '2b988330115011e4b54e1205e26038f6');
COMMIT;

-- ----------------------------
--  Table structure for `mvc_dictionary_detail`
-- ----------------------------
DROP TABLE IF EXISTS `mvc_dictionary_detail`;
CREATE TABLE `mvc_dictionary_detail` (
  `dictionary_detail_id` varchar(32) NOT NULL,
  `dictionary_id` varchar(32) DEFAULT NULL,
  `dictionary_detail_code` varchar(32) DEFAULT NULL,
  `dictionary_detail_name` varchar(32) DEFAULT NULL,
  `dictionary_detail_status` varchar(1) DEFAULT NULL,
  `create_time` datetime NOT NULL,
  `creator` varchar(32) DEFAULT NULL,
  PRIMARY KEY (`dictionary_detail_id`),
  KEY `dictionary_id` (`dictionary_id`),
  CONSTRAINT `mvc_dictionary_detail_ibfk_1` FOREIGN KEY (`dictionary_id`) REFERENCES `mvc_dictionary` (`dictionary_id`)
) ENGINE=InnoDB DEFAULT CHARSET=utf8;

-- ----------------------------
--  Records of `mvc_dictionary_detail`
-- ----------------------------
BEGIN;
INSERT INTO `mvc_dictionary_detail` VALUES ('15a8c05c2b8111e5a5c0ace010142f18', '355c597026d711e5ade8ace010142f18', 'memorStatus0', '待办', '0', '2015-07-17 08:53:13', '2b988330115011e4b54e1205e26038f6'), ('93f7601d98ed11e6b100142d27fd7e9e', '355c597026d711e5ade8ace010142f18', 'memorStatus1', '已完成', '0', '2016-10-23 14:54:46', '2b988330115011e4b54e1205e26038f6');
COMMIT;

-- ----------------------------
--  Table structure for `mvc_loginuser`
-- ----------------------------
DROP TABLE IF EXISTS `mvc_loginuser`;
CREATE TABLE `mvc_loginuser` (
  `loginuser_id` varchar(50) DEFAULT '0',
  `loginuser_ip` varchar(50) DEFAULT NULL,
  `loginuser_address` varchar(255) DEFAULT NULL,
  `loginuser_logintime` datetime DEFAULT NULL
) ENGINE=InnoDB DEFAULT CHARSET=utf8;

-- ----------------------------
--  Records of `mvc_loginuser`
-- ----------------------------
BEGIN;
INSERT INTO `mvc_loginuser` VALUES ('706b4026aa6511e8bed59b5bf8c700a8', '0:0:0:0:0:0:0:1', '0,,内网IP,内网IP,,local', '2018-08-28 09:55:28'), ('67727bbace3211e8be17e0afcef87048', '0:0:0:0:0:0:0:1', '0', '2018-10-12 23:20:51'), ('e1a59094d8fe11e8b4fda12bf23c56fc', '0:0:0:0:0:0:0:1', '0', '2018-10-26 17:09:45'), ('86add4daf0b411e8ac4416b031e5e8dd', '0:0:0:0:0:0:0:1', '0', '2018-11-25 21:17:57'), ('c212ca2cf0bd11e8ac4416b031e5e8dd', '0:0:0:0:0:0:0:1', '网络较差，查询不到地理位置', '2018-11-25 22:24:03'), ('c2c49da6f0bd11e8ac4416b031e5e8dd', '0:0:0:0:0:0:0:1', '网络较差，查询不到地理位置', '2018-11-25 22:24:04'), ('86b2a91ef16911e88dc82d30698148e7', '0:0:0:0:0:0:0:1', '网络较差，查询不到地理位置', '2018-11-26 18:53:36'), ('527ca5def16c11e89d0ca41ea9f4cd24', '0:0:0:0:0:0:0:1', '0', '2018-11-26 19:13:37'), ('23632e06f17311e89d0ca41ea9f4cd24', '0:0:0:0:0:0:0:1', '网络较差，查询不到地理位置', '2018-11-26 20:02:25'), ('badcc300f17311e89d0ca41ea9f4cd24', '0:0:0:0:0:0:0:1', '0', '2018-11-26 20:06:39');
COMMIT;

-- ----------------------------
--  Table structure for `mvc_manage_money`
-- ----------------------------
DROP TABLE IF EXISTS `mvc_manage_money`;
CREATE TABLE `mvc_manage_money` (
  `manage_id` varchar(32) NOT NULL,
  `in_or_out` int(11) DEFAULT NULL,
  `how_much` double DEFAULT NULL,
  `incident` varchar(500) DEFAULT NULL,
  `take_time` datetime DEFAULT NULL,
  `if_take` int(11) DEFAULT NULL,
  `take_id` varchar(32) DEFAULT NULL,
  `remark` varchar(1000) DEFAULT NULL,
  `create_time` datetime DEFAULT NULL,
  `update_time` datetime DEFAULT NULL,
  `create_id` varchar(32) DEFAULT NULL,
  PRIMARY KEY (`manage_id`),
  KEY `FK_manage_money` (`take_id`),
  CONSTRAINT `FK_manage_money` FOREIGN KEY (`take_id`) REFERENCES `mvc_user_info` (`user_id`)
) ENGINE=InnoDB DEFAULT CHARSET=utf8;

-- ----------------------------
--  Table structure for `mvc_memorandum`
-- ----------------------------
DROP TABLE IF EXISTS `mvc_memorandum`;
CREATE TABLE `mvc_memorandum` (
  `MEMORANDUM_ID` varchar(32) NOT NULL,
  `MEMORANDUM_DATE` date DEFAULT NULL,
  `MEMORANDUM_COMPLETE` varchar(32) DEFAULT NULL,
  `MEMORANDUM_TITLE` varchar(100) DEFAULT NULL,
  `MEMORANDUM_CONTENT` varchar(500) DEFAULT NULL,
  `CREATE_USER` varchar(32) DEFAULT NULL,
  `CREATE_TIME` timestamp NULL DEFAULT NULL,
  PRIMARY KEY (`MEMORANDUM_ID`)
) ENGINE=InnoDB DEFAULT CHARSET=utf8;

-- ----------------------------
--  Table structure for `mvc_menu_info`
-- ----------------------------
DROP TABLE IF EXISTS `mvc_menu_info`;
CREATE TABLE `mvc_menu_info` (
  `menu_id` varchar(32) NOT NULL,
  `menu_name` varchar(32) DEFAULT NULL,
  `menu_uri` varchar(255) DEFAULT NULL,
  `menu_order` int(11) DEFAULT NULL,
  `menu_desc` varchar(200) DEFAULT NULL,
  `menu_type` varchar(32) DEFAULT NULL,
  `menu_icon` varchar(32) DEFAULT NULL,
  `creator` varchar(32) DEFAULT NULL,
  `create_time` timestamp NULL DEFAULT NULL,
  PRIMARY KEY (`menu_id`)
) ENGINE=InnoDB DEFAULT CHARSET=utf8;

-- ----------------------------
--  Records of `mvc_menu_info`
-- ----------------------------
BEGIN;
INSERT INTO `mvc_menu_info` VALUES ('0b74913998ef11e6b100142d27fd7e9e', '此项目的git源码', 'https://git.oschina.net/xi_fan/CompanyManager', '21', 'https://git.oschina.net/xi_fan/CompanyManager', 'web', null, '2b988330115011e4b54e1205e26038f6', '2016-10-23 15:05:16'), ('2581da703cab11e4a4e5f952ac6806e4', '部门管理', '/dept/turnToDeptTree', '4', '部门管理', 'system', 'icon-organisation', '2b988330115011e4b54e1205e26038f6', '2015-08-20 11:54:18'), ('3ede571516ff11e4bcc83003807be50a', '用户管理', '/user/queryUser', '1', '用户信息管理', 'system', 'icon-man', '2b988330115011e4b54e1205e26038f6', '2015-08-20 11:54:18'), ('56e0db6a98e611e6b100142d27fd7e9e', '字典管理', '/dictionary/initDictionary', '19', '字典管理', 'system', null, '2b988330115011e4b54e1205e26038f6', '2016-10-23 14:02:57'), ('5abf94088a6b11e48ada8b3e942d2329', '可可云', 'http://www.kekeyun.com/', '13', 'http://www.kekeyun.com/', 'web', 'icon-globe', '2b988330115011e4b54e1205e26038f6', '2015-08-20 11:54:18'), ('5aeaa3db28df11e48a79935d1967ba6c', '理财管理', '/manageMoney/queryManageMoney', '5', '理财管理', 'system', 'icon-money', '2b988330115011e4b54e1205e26038f6', '2015-08-20 11:54:18'), ('75e9c9d625e211e5ade8ace010142f18', '待办管理', '/memorandum/initMemorandum', '15', '待办管理', 'system', 'icon-note', '2b988330115011e4b54e1205e26038f6', '2015-08-20 11:54:18'), ('76a70ce499ad11e6b100142d27fd7e9e', 'EasyUI demo', 'http://www.jeasyui.com/demo/main/index.php', '25', 'EasyUI demo', 'web', null, '2b988330115011e4b54e1205e26038f6', '2016-10-24 13:48:22'), ('8f5f48112f5511e487e35a38088274be', '理财报表', '/manageMoney/manageMoneyReport', '6', '理财报表', 'system', 'icon-money', '2b988330115011e4b54e1205e26038f6', '2015-08-20 11:54:18'), ('e836b5f118b811e49846a77e8008a423', '菜单管理', '/menu/queryMenu', '3', '旧菜单管理', 'system', 'icon-menu', '2b988330115011e4b54e1205e26038f6', '2015-08-20 11:54:18'), ('e8c5e60198ee11e6b100142d27fd7e9e', 'easyui教程', 'http://www.runoob.com/jeasyui/jeasyui-form-form1.html', '20', 'http://www.runoob.com/jeasyui/jeasyui-form-form1.html', 'web', null, '2b988330115011e4b54e1205e26038f6', '2016-10-23 15:04:18'), ('ef4c55bd990611e6b100142d27fd7e9e', '登录用户', '/loginUser/loginuser', '24', '查询登录的用户', 'system', 'icon-role', '2b988330115011e4b54e1205e26038f6', '2016-10-23 17:56:17'), ('f6c2e9a8751611e484f9492f0fbf919a', '小图标下载', 'http://www.easyicon.net/language.zh-cn/', '10', 'http://www.easyicon.net/language.zh-cn/', 'web', 'icon-globe', '2b988330115011e4b54e1205e26038f6', '2015-08-20 11:54:18');
COMMIT;

-- ----------------------------
--  Table structure for `mvc_role_info`
-- ----------------------------
DROP TABLE IF EXISTS `mvc_role_info`;
CREATE TABLE `mvc_role_info` (
  `role_id` varchar(32) NOT NULL,
  `role_name` varchar(100) DEFAULT NULL,
  `role_desc` varchar(500) DEFAULT NULL,
  `create_time` timestamp NULL DEFAULT NULL,
  `creator` varchar(32) DEFAULT NULL,
  PRIMARY KEY (`role_id`)
) ENGINE=InnoDB DEFAULT CHARSET=utf8;

-- ----------------------------
--  Records of `mvc_role_info`
-- ----------------------------
BEGIN;
INSERT INTO `mvc_role_info` VALUES ('1', '超级用户', '此用户厉害了', null, null), ('2', '管理员', '此用户可以管理系统', null, null);
COMMIT;

-- ----------------------------
--  Table structure for `mvc_role_menu`
-- ----------------------------
DROP TABLE IF EXISTS `mvc_role_menu`;
CREATE TABLE `mvc_role_menu` (
  `role_menu_id` varchar(32) DEFAULT NULL,
  `role_id` varchar(32) DEFAULT NULL COMMENT '角色id',
  `menu_id` varchar(32) DEFAULT NULL COMMENT '菜单id',
  KEY `role_id` (`role_id`),
  KEY `menu_id` (`menu_id`),
  CONSTRAINT `mvc_role_menu_ibfk_1` FOREIGN KEY (`role_id`) REFERENCES `mvc_role_info` (`role_id`),
  CONSTRAINT `mvc_role_menu_ibfk_2` FOREIGN KEY (`menu_id`) REFERENCES `mvc_menu_info` (`menu_id`)
) ENGINE=InnoDB DEFAULT CHARSET=utf8;

-- ----------------------------
--  Table structure for `mvc_user_info`
-- ----------------------------
DROP TABLE IF EXISTS `mvc_user_info`;
CREATE TABLE `mvc_user_info` (
  `user_id` varchar(32) NOT NULL,
  `user_name` varchar(100) DEFAULT NULL,
  `password` varchar(16) DEFAULT '12345678',
  `true_name` varchar(50) DEFAULT NULL,
  `mail` varchar(200) DEFAULT NULL,
  `phone` varchar(32) DEFAULT NULL,
  `dept_id` varchar(32) DEFAULT NULL,
  `create_time` timestamp NOT NULL DEFAULT CURRENT_TIMESTAMP,
  `update_time` timestamp NULL DEFAULT NULL,
  `user_level` varchar(1) DEFAULT NULL,
  `file_name` varchar(50) DEFAULT NULL,
  `file_byte` longblob,
  PRIMARY KEY (`user_id`)
) ENGINE=InnoDB DEFAULT CHARSET=utf8;

-- ----------------------------
--  Records of `mvc_user_info`
-- ----------------------------
BEGIN;
INSERT INTO `mvc_user_info` VALUES ('2b988330115011e4b54e1205e26038f6', 'system', '123', 'system', 'dfc668@sina.com', '15010183134', '', '2014-07-22 11:27:56', '2015-08-13 14:06:57', '0', '', ''), ('2ddcb567939611e6a8df142d27fd7e9e', 'xifan2016', '12345678', '李锡钒', '1359704355@qq.com', '18814128405', 'd10003', '2016-10-16 19:46:31', '2016-10-24 11:13:38', '0', null, null), ('8abb70619aac11e6b100142d27fd7e9e', 'testtest', '12345678', 'test', '1359704355@qq.com', '18814128405', 'd10002', '2016-10-25 20:14:20', '2016-10-25 20:14:20', '1', null, null), ('8f2c27039dd511e68dff142d27fd7e9e', '测试测试测试', '12345678', '测试测试测试', '1359704355@qq.com', '', 'd10002', '2016-10-29 20:45:29', '2016-10-29 20:45:29', '1', null, null), ('98a93faaa36f11e694f8142d27fd7e9e', 'testfwfw', '12345678', 'test', '1329704355!@qq.com', '', 'd10003', '2016-11-05 23:50:38', '2016-11-05 23:50:38', '1', null, null), ('a1432a61a3cb11e694f8142d27fd7e9e', 'testffff', '12345678', 'time', 'fasf2@qq.com', '', 'd10002', '2016-11-06 09:13:22', '2016-11-06 09:13:22', '1', null, null), ('a5c3ac5d999c11e6b100142d27fd7e9e', '1      1', '12345678', '111', '122312@q12.r', '  2342 34', 'd10002', '2016-10-24 11:48:00', '2016-10-24 11:48:00', '0', null, null), ('a7b96d20a36f11e694f8142d27fd7e9e', 'r7ice888rice8', '12345678', 'r7ice888rice8', '1359704355@qq.com', '', 'd10002', '2016-11-05 23:51:03', '2016-11-05 23:51:03', '1', null, null), ('b2bfcb1fa36f11e694f8142d27fd7e9e', 'fffffff', '12345678', 'ffffffff', 'dsf555@qq.com', '', 'd10002', '2016-11-05 23:51:22', '2016-11-05 23:51:22', '1', null, null), ('bb61b84ba36f11e694f8142d27fd7e9e', 'wfwefewf', '12345678', 'ewfwef', '1399@qq.com', '', 'd10002', '2016-11-05 23:51:36', '2016-11-05 23:51:36', '1', null, null), ('e845b3d0a3be11e694f8142d27fd7e9e', 'wwwwwwww', '12345678', 'wwwwww', 'www@qq.com', '', 'd10002', '2016-11-06 09:18:22', '2016-11-06 09:18:22', '1', null, null), ('f10c3ad694fb11e68ac8142d27fd7e9e', 'rice888', '12345678', '8560025', '1359704355@qq.com', '18814128405', 'd10002', '2016-10-18 14:27:29', '2016-10-20 15:55:23', '0', 'update_user.php', 0x3c3f7068700d0a0d0a246964203d20696e7476616c28245f524551554553545b276964275d293b0d0a2466697273746e616d65203d20245f524551554553545b2766697273746e616d65275d3b0d0a246c6173746e616d65203d20245f524551554553545b276c6173746e616d65275d3b0d0a2470686f6e65203d20245f524551554553545b2770686f6e65275d3b0d0a24656d61696c203d20245f524551554553545b27656d61696c275d3b0d0a0d0a696e636c7564652027636f6e6e2e706870273b0d0a0d0a2473716c203d2022757064617465207573657273207365742066697273746e616d653d272466697273746e616d65272c6c6173746e616d653d27246c6173746e616d65272c70686f6e653d272470686f6e65272c656d61696c3d2724656d61696c272077686572652069643d246964223b0d0a24726573756c74203d20406d7973716c5f7175657279282473716c293b0d0a6966202824726573756c74297b0d0a096563686f206a736f6e5f656e636f6465286172726179282773756363657373273d3e7472756529293b0d0a7d20656c7365207b0d0a096563686f206a736f6e5f656e636f646528617272617928276d7367273d3e27536f6d65206572726f7273206f6363757265642e2729293b0d0a7d0d0a3f3e), ('f8340488948411e6bf97142d27fd7e9e', 'lixifan', 'lixifan', 'lixifan', '1359704355@qq.com', '18814128405', 'd10001', '2016-10-18 00:15:51', '2018-11-26 19:51:10', '0', 'index.html', 0x3c21444f43545950452068746d6c3e0a3c68746d6c3e0a3c686561643e0a20203c6d65746120636861727365743d227574662d38223e0a20203c6d657461206e616d653d2276696577706f72742220636f6e74656e743d2277696474683d6465766963652d77696474682c20696e697469616c2d7363616c653d312c206d6178696d756d2d7363616c653d31223e0a20203c7469746c653ee5908ee58fb0e5a4a7e5b883e5b1803c2f7469746c653e0a0a3c2f686561643e0a3c736372697074207372633d2268747470733a2f2f63646e2e626f6f746373732e636f6d2f6a71756572792f312e31302e322f6a71756572792e6d696e2e6a73223e0a3c2f7363726970743e0a3c73637269707420747970653d22746578742f6a617661736372697074223e0a7661722070726f76696e6365203d205b7b202250726f4944223a20312c202250726f4e616d65223a2022e58c97e4baace5b882222c202250726f536f7274223a20312c202250726f52656d61726b223a2022e79bb4e8be96e5b88222207d2c207b202250726f4944223a20322c202250726f4e616d65223a2022e5a4a9e6b4a5e5b882222c202250726f536f7274223a20322c202250726f52656d61726b223a2022e79bb4e8be96e5b88222207d2c207b202250726f4944223a20332c202250726f4e616d65223a2022e6b2b3e58c97e79c81222c202250726f536f7274223a20352c202250726f52656d61726b223a2022e79c81e4bbbd22207d2c207b202250726f4944223a20342c202250726f4e616d65223a2022e5b1b1e8a5bfe79c81222c202250726f536f7274223a20362c202250726f52656d61726b223a2022e79c81e4bbbd22207d2c207b202250726f4944223a20352c202250726f4e616d65223a2022e58685e89299e58fa4e887aae6b2bbe58cba222c202250726f536f7274223a2033322c202250726f52656d61726b223a2022e887aae6b2bbe58cba22207d2c207b202250726f4944223a20362c202250726f4e616d65223a2022e8bebde5ae81e79c81222c202250726f536f7274223a20382c202250726f52656d61726b223a2022e79c81e4bbbd22207d2c207b202250726f4944223a20372c202250726f4e616d65223a2022e59089e69e97e79c81222c202250726f536f7274223a20392c202250726f52656d61726b223a2022e79c81e4bbbd22207d2c207b202250726f4944223a20382c202250726f4e616d65223a2022e9bb91e9be99e6b19fe79c81222c202250726f536f7274223a2031302c202250726f52656d61726b223a2022e79c81e4bbbd22207d2c207b202250726f4944223a20392c202250726f4e616d65223a2022e4b88ae6b5b7e5b882222c202250726f536f7274223a20332c202250726f52656d61726b223a2022e79bb4e8be96e5b88222207d2c207b202250726f4944223a2031302c202250726f4e616d65223a2022e6b19fe88b8fe79c81222c202250726f536f7274223a2031312c202250726f52656d61726b223a2022e79c81e4bbbd22207d2c207b202250726f4944223a2031312c202250726f4e616d65223a2022e6b599e6b19fe79c81222c202250726f536f7274223a2031322c202250726f52656d61726b223a2022e79c81e4bbbd22207d2c207b202250726f4944223a2031322c202250726f4e616d65223a2022e5ae89e5bebde79c81222c202250726f536f7274223a2031332c202250726f52656d61726b223a2022e79c81e4bbbd22207d2c207b202250726f4944223a2031332c202250726f4e616d65223a2022e7a68fe5bbbae79c81222c202250726f536f7274223a2031342c202250726f52656d61726b223a2022e79c81e4bbbd22207d2c207b202250726f4944223a2031342c202250726f4e616d65223a2022e6b19fe8a5bfe79c81222c202250726f536f7274223a2031352c202250726f52656d61726b223a2022e79c81e4bbbd22207d2c207b202250726f4944223a2031352c202250726f4e616d65223a2022e5b1b1e4b89ce79c81222c202250726f536f7274223a2031362c202250726f52656d61726b223a2022e79c81e4bbbd22207d2c207b202250726f4944223a2031362c202250726f4e616d65223a2022e6b2b3e58d97e79c81222c202250726f536f7274223a2031372c202250726f52656d61726b223a2022e79c81e4bbbd22207d2c207b202250726f4944223a2031372c202250726f4e616d65223a2022e6b996e58c97e79c81222c202250726f536f7274223a2031382c202250726f52656d61726b223a2022e79c81e4bbbd22207d2c207b202250726f4944223a2031382c202250726f4e616d65223a2022e6b996e58d97e79c81222c202250726f536f7274223a2031392c202250726f52656d61726b223a2022e79c81e4bbbd22207d2c207b202250726f4944223a2031392c202250726f4e616d65223a2022e5b9bfe4b89ce79c81222c202250726f536f7274223a2032302c202250726f52656d61726b223a2022e79c81e4bbbd22207d2c207b202250726f4944223a2032302c202250726f4e616d65223a2022e6b5b7e58d97e79c81222c202250726f536f7274223a2032342c202250726f52656d61726b223a2022e79c81e4bbbd22207d2c207b202250726f4944223a2032312c202250726f4e616d65223a2022e5b9bfe8a5bfe5a3aee6978fe887aae6b2bbe58cba222c202250726f536f7274223a2032382c202250726f52656d61726b223a2022e887aae6b2bbe58cba22207d2c207b202250726f4944223a2032322c202250726f4e616d65223a2022e79498e88283e79c81222c202250726f536f7274223a2032312c202250726f52656d61726b223a2022e79c81e4bbbd22207d2c207b202250726f4944223a2032332c202250726f4e616d65223a2022e99995e8a5bfe79c81222c202250726f536f7274223a2032372c202250726f52656d61726b223a2022e79c81e4bbbd22207d2c207b202250726f4944223a2032342c202250726f4e616d65223a2022e696b020e79686e7bbb4e590bee5b094e887aae6b2bbe58cba222c202250726f536f7274223a2033312c202250726f52656d61726b223a2022e887aae6b2bbe58cba22207d2c207b202250726f4944223a2032352c202250726f4e616d65223a2022e99d92e6b5b7e79c81222c202250726f536f7274223a2032362c202250726f52656d61726b223a2022e79c81e4bbbd22207d2c207b202250726f4944223a2032362c202250726f4e616d65223a2022e5ae81e5a48fe59b9ee6978fe887aae6b2bbe58cba222c202250726f536f7274223a2033302c202250726f52656d61726b223a2022e887aae6b2bbe58cba22207d2c207b202250726f4944223a2032372c202250726f4e616d65223a2022e9878de5ba86e5b882222c202250726f536f7274223a20342c202250726f52656d61726b223a2022e79bb4e8be96e5b88222207d2c207b202250726f4944223a2032382c202250726f4e616d65223a2022e59b9be5b79de79c81222c202250726f536f7274223a2032322c202250726f52656d61726b223a2022e79c81e4bbbd22207d2c207b202250726f4944223a2032392c202250726f4e616d65223a2022e8b4b5e5b79ee79c81222c202250726f536f7274223a2032332c202250726f52656d61726b223a2022e79c81e4bbbd22207d2c207b202250726f4944223a2033302c202250726f4e616d65223a2022e4ba91e58d97e79c81222c202250726f536f7274223a2032352c202250726f52656d61726b223a2022e79c81e4bbbd22207d2c207b202250726f4944223a2033312c202250726f4e616d65223a2022e8a5bfe8978fe887aae6b2bbe58cba222c202250726f536f7274223a2032392c202250726f52656d61726b223a2022e887aae6b2bbe58cba22207d2c207b202250726f4944223a2033322c202250726f4e616d65223a2022e58fb0e6b9bee79c81222c202250726f536f7274223a20372c202250726f52656d61726b223a2022e79c81e4bbbd22207d2c207b202250726f4944223a2033332c202250726f4e616d65223a2022e6beb3e997a8e789b9e588abe8a18ce694bfe58cba222c202250726f536f7274223a2033332c202250726f52656d61726b223a2022e789b9e588abe8a18ce694bfe58cba22207d2c207b202250726f4944223a2033342c202250726f4e616d65223a2022e9a699e6b8afe789b9e588abe8a18ce694bfe58cba222c202250726f536f7274223a2033342c202250726f52656d61726b223a2022e789b9e588abe8a18ce694bfe58cba227d5d3b0a0a7661722063697479203d205b7b2022436974794944223a20312c2022436974794e616d65223a2022e58c97e4baace5b882222c202250726f4944223a20312c202243697479536f7274223a2031207d2c207b2022436974794944223a20322c2022436974794e616d65223a2022e5a4a9e6b4a5e5b882222c202250726f4944223a20322c202243697479536f7274223a2032207d2c207b2022436974794944223a20332c2022436974794e616d65223a2022e4b88ae6b5b7e5b882222c202250726f4944223a20392c202243697479536f7274223a2033207d2c207b2022436974794944223a20342c2022436974794e616d65223a2022e9878de5ba86e5b882222c202250726f4944223a2032372c202243697479536f7274223a2034207d2c207b2022436974794944223a20352c2022436974794e616d65223a2022e982afe983b8e5b882222c202250726f4944223a20332c202243697479536f7274223a2035207d2c207b2022436974794944223a20362c2022436974794e616d65223a2022e79fb3e5aeb6e5ba84e5b882222c202250726f4944223a20332c202243697479536f7274223a2036207d2c207b2022436974794944223a20372c2022436974794e616d65223a2022e4bf9de5ae9ae5b882222c202250726f4944223a20332c202243697479536f7274223a2037207d2c207b2022436974794944223a20382c2022436974794e616d65223a2022e5bca0e5aeb6e58fa3e5b882222c202250726f4944223a20332c202243697479536f7274223a2038207d2c207b2022436974794944223a20392c2022436974794e616d65223a2022e689bfe5beb7e5b882222c202250726f4944223a20332c202243697479536f7274223a2039207d2c207b2022436974794944223a2031302c2022436974794e616d65223a2022e59490e5b1b1e5b882222c202250726f4944223a20332c202243697479536f7274223a203130207d2c207b2022436974794944223a2031312c2022436974794e616d65223a2022e5bb8ae59d8ae5b882222c202250726f4944223a20332c202243697479536f7274223a203131207d2c207b2022436974794944223a2031322c2022436974794e616d65223a2022e6b2a7e5b79ee5b882222c202250726f4944223a20332c202243697479536f7274223a203132207d2c207b2022436974794944223a2031332c2022436974794e616d65223a2022e8a1a1e6b0b4e5b882222c202250726f4944223a20332c202243697479536f7274223a203133207d2c207b2022436974794944223a2031342c2022436974794e616d65223a2022e982a2e58fb0e5b882222c202250726f4944223a20332c202243697479536f7274223a203134207d2c7b2022436974794944223a203337302c2022436974794e616d65223a2022e6beb3e997a8e789b9e588abe8a18ce694bfe58cba222c202250726f4944223a2033332c202243697479536f7274223a20333730207d2c207b2022436974794944223a203337312c2022436974794e616d65223a2022e9a699e6b8afe789b9e588abe8a18ce694bfe58cba222c202250726f4944223a2033342c202243697479536f7274223a203337317d5d3b0a0a7661722044697374726963743d5b7b224964223a312c224469734e616d65223a22e4b89ce59f8ee58cba222c22436974794944223a312c22446973536f7274223a6e756c6c7d2c7b224964223a322c224469734e616d65223a22e8a5bfe59f8ee58cba222c22436974794944223a312c22446973536f7274223a6e756c6c7d2c7b224964223a332c224469734e616d65223a22e5b487e69687e58cba222c22436974794944223a312c22446973536f7274223a6e756c6c7d2c7b224964223a342c224469734e616d65223a22e5aea3e6ada6e58cba222c22436974794944223a312c22446973536f7274223a6e756c6c7d2c7b224964223a352c224469734e616d65223a22e69c9de998b3e58cba222c22436974794944223a312c22446973536f7274223a6e756c6c7d2c7b224964223a362c224469734e616d65223a22e4b8b0e58fb0e58cba222c22436974794944223a312c22446973536f7274223a6e756c6c7d2c7b224964223a372c224469734e616d65223a22e79fb3e699afe5b1b1e58cba222c22436974794944223a312c22446973536f7274223a6e756c6c7d2c7b224964223a382c224469734e616d65223a22e6b5b7e6b780e58cba222c22436974794944223a312c22446973536f7274223a6e756c6c7d2c7b224964223a392c224469734e616d65223a22e997a8e5a4b4e6b29fe58cba222c22436974794944223a312c22446973536f7274223a6e756c6c7d2c7b224964223a31302c224469734e616d65223a22e688bfe5b1b1e58cba222c22436974794944223a312c22446973536f7274223a6e756c6c7d2c7b224964223a31312c224469734e616d65223a22e9809ae5b79ee58cba222c22436974794944223a312c22446973536f7274223a6e756c6c7d2c7b224964223a31322c224469734e616d65223a22e9a1bae4b989e58cba222c22436974794944223a312c22446973536f7274223a6e756c6c7d2c7b224964223a31332c224469734e616d65223a22e6988ce5b9b3e58cba222c22436974794944223a312c22446973536f7274223a6e756c6c7d2c7b224964223a31342c224469734e616d65223a22e5a4a7e585b4e58cba222c22436974794944223a312c22446973536f7274223a6e756c6c7d2c7b224964223a31352c224469734e616d65223a22e68080e69f94e58cba222c22436974794944223a312c22446973536f7274223a6e756c6c7d2c7b224964223a31362c224469734e616d65223a22e5b9b3e8b0b7e58cba222c22436974794944223a312c22446973536f7274223a6e756c6c7d2c7b224964223a31372c224469734e616d65223a22e5af86e4ba91e58ebf222c22436974794944223a312c22446973536f7274223a6e756c6c7d2c7b224964223a31382c224469734e616d65223a22e5bbb6e5ba86e58ebf222c22436974794944223a312c22446973536f7274223a6e756c6c7d2c7b224964223a31392c224469734e616d65223a22e5928ce5b9b3e58cba222c22436974794944223a322c22446973536f7274223a6e756c6c7d2c7b224964223a32302c224469734e616d65223a22e6b2b3e4b89ce58cba222c22436974794944223a322c22446973536f7274223a6e756c6c7d2c7b224964223a32312c224469734e616d65223a22e6b2b3e8a5bfe58cba222c22436974794944223a322c22446973536f7274223a6e756c6c7d2c7b224964223a32322c224469734e616d65223a22e58d97e5bc80e58cba222c22436974794944223a322c22446973536f7274223a6e756c6c7d2c7b224964223a32332c224469734e616d65223a22e6b2b3e58c97e58cba222c22436974794944223a322c22446973536f7274223a6e756c6c7d2c7b224964223a323832312c224469734e616d65223a22e7aa81e6b389e58ebf222c22436974794944223a3336312c22446973536f7274223a6e756c6c7d2c7b224964223a323832322c224469734e616d65223a22e998bfe68b89e59684e5b7a6e69797222c22436974794944223a3336322c22446973536f7274223a6e756c6c7d2c7b224964223a323832332c224469734e616d65223a22e998bfe68b89e59684e58fb3e69797222c22436974794944223a3336322c22446973536f7274223a6e756c6c7d2c7b224964223a323832342c224469734e616d65223a22e9a29de6b58ee7bab3e69797222c22436974794944223a3336322c22446973536f7274223a6e756c6c7d5d3b200a0a242866756e6374696f6e202829207b0a0a242e656163682870726f76696e63652c2066756e6374696f6e20286b2c207029207b200a766172206f7074696f6e203d20223c6f7074696f6e2076616c75653d2722202b20702e50726f4944202b2022273e22202b20702e50726f4e616d65202b20223c2f6f7074696f6e3e223b0a2428222373656c50726f76696e636522292e617070656e64286f7074696f6e293b0a7d293b0a0a2428222373656c50726f76696e636522292e6368616e67652866756e6374696f6e202829207b0a7661722073656c56616c7565203d20242874686973292e76616c28293b200a2428222373656c4369747922292e656d70747928293b0a0a0a0a242e6561636828636974792c2066756e6374696f6e20286b2c207029207b200a69662028702e50726f4944203d3d2073656c56616c756529207b0a766172206f7074696f6e203d20223c6f7074696f6e2076616c75653d2722202b20702e436974794944202b2022273e22202b20702e436974794e616d65202b20223c2f6f7074696f6e3e223b0a2428222373656c4369747922292e617070656e64286f7074696f6e293b0a7d0a7d293b0a092428222373656c4369747922292e6368616e676528293b0a092f2f2428222373656c446973747269637422292e656d70747928293b0a7d293b0a0a2428222373656c4369747922292e6368616e67652866756e6374696f6e202829207b0a7661722073656c56616c7565203d20242874686973292e76616c28293b0a2428222373656c446973747269637422292e656d70747928293b0a0a242e656163682844697374726963742c2066756e6374696f6e20286b2c207029207b0a69662028702e436974794944203d3d2073656c56616c756529207b0a766172206f7074696f6e203d20223c6f7074696f6e2076616c75653d2722202b20702e4964202b2022273e22202b20702e4469734e616d65202b20223c2f6f7074696f6e3e223b0a2428222373656c446973747269637422292e617070656e64286f7074696f6e293b0a7d0a7d293b200a7d293b200a7d293b0a3c2f7363726970743e0a3c626f64793e0a3c73656c6563742069643d2273656c50726f76696e6365223e0a3c6f7074696f6e2076616c75653d2230223e2d2de8afb7e98089e68ba9e79c81e4bbbd2d2d3c2f6f7074696f6e3e0a3c2f73656c6563743e0a3c73656c6563742069643d2273656c43697479223e0a3c6f7074696f6e2076616c75653d2230223e2d2de8afb7e98089e68ba9e59f8ee5b8822d2d3c2f6f7074696f6e3e0a0a3c2f73656c6563743e0a3c73656c6563742069643d2273656c4469737472696374223e0a3c6f7074696f6e2076616c75653d2230223e2d2de8afb7e98089e68ba9e58cba2fe58ebf2d2d3c2f6f7074696f6e3e0a3c2f73656c6563743e0a3c696e70757420747970653d22627574746f6e222069643d2262746e4f4b222076616c75653d22e7a1aee5ae9a22202f3e0a3c2f626f64793e0a3c2f626f64793e0a3c2f68746d6c3e);
COMMIT;

-- ----------------------------
--  Table structure for `mvc_user_role`
-- ----------------------------
DROP TABLE IF EXISTS `mvc_user_role`;
CREATE TABLE `mvc_user_role` (
  `user_role_id` varchar(32) NOT NULL,
  `user_id` varchar(32) DEFAULT NULL,
  `role_id` varchar(32) DEFAULT NULL,
  PRIMARY KEY (`user_role_id`),
  KEY `user_id` (`user_id`),
  KEY `role_id` (`role_id`),
  CONSTRAINT `mvc_user_role_ibfk_1` FOREIGN KEY (`user_id`) REFERENCES `mvc_user_info` (`user_id`),
  CONSTRAINT `mvc_user_role_ibfk_2` FOREIGN KEY (`role_id`) REFERENCES `mvc_role_info` (`role_id`)
) ENGINE=InnoDB DEFAULT CHARSET=utf8;

-- ----------------------------
--  Records of `mvc_user_role`
-- ----------------------------
BEGIN;
INSERT INTO `mvc_user_role` VALUES ('6e64191694fb11e68ac8142d27fd7e9e', '2ddcb567939611e6a8df142d27fd7e9e', '1');
COMMIT;

SET FOREIGN_KEY_CHECKS = 1;
